date;numéro de compte;libellé;centre de coût;débit;crédit
01/01/2026;218;ecran;Centre B;35;40
01/01/2026;625;parking;Centre E;35;40
01/01/2026;612;camion;Centre C;35;40
01/01/2026;625;parking;Centre D;35;40
01/01/2026;612;voiture;Centre D;35;40
01/01/2026;606;desinfectant;Centre C;35;40
01/01/2026;218;armoire;Centre E;35;40
01/01/2026;606;desinfectant;Centre A;35;40
01/01/2026;625;parking;Centre B;35;40
01/01/2026;218;ecran;Centre A;35;40
01/01/2026;218;ecran;Centre E;35;40
01/01/2026;218;table de bureau;Centre D;35;40
01/01/2026;606;desinfectant;Centre D;35;40
01/01/2026;625;parking;Centre E;35;40
01/01/2026;606;tondeuse;Centre D;35;40
01/01/2026;625;restaurant;Centre C;35;40
01/01/2026;612;voiture;Centre A;35;40
01/01/2026;218;armoire;Centre A;35;40
01/01/2026;612;voiture;Centre A;35;40
01/01/2026;606;tondeuse;Centre E;35;40
01/01/2026;612;voiture;Centre D;35;40
01/01/2026;218;armoire;Centre A;35;40
01/01/2026;218;ecran;Centre E;35;40
01/01/2026;612;photocopieur;Centre A;35;40
01/01/2026;612;camion;Centre C;35;40
01/01/2026;606;ampoule;Centre A;35;40
01/01/2026;612;camion;Centre C;35;40
01/01/2026;218;armoire;Centre D;35;40
01/01/2026;218;armoire;Centre A;35;40
01/01/2026;625;parking;Centre E;35;40
01/01/2026;218;armoire;Centre A;35;40
01/01/2026;218;table de bureau;Centre D;35;40
01/01/2026;218;ecran;Centre C;35;40
01/01/2026;606;desinfectant;Centre C;35;40
01/01/2026;218;ecran;Centre C;35;40
01/01/2026;625;hotel;Centre E;35;40
01/01/2026;218;table de bureau;Centre E;35;40
01/01/2026;612;voiture;Centre D;35;40
01/01/2026;625;parking;Centre B;35;40
01/01/2026;218;table de bureau;Centre A;35;40
01/01/2026;612;photocopieur;Centre B;35;40
01/01/2026;218;armoire;Centre B;35;40
01/01/2026;218;ecran;Centre B;35;40
01/01/2026;625;parking;Centre C;35;40
01/01/2026;606;desinfectant;Centre B;35;40
01/01/2026;606;tondeuse;Centre C;35;40
01/01/2026;218;ecran;Centre D;35;40
01/01/2026;612;photocopieur;Centre A;35;40
01/01/2026;612;photocopieur;Centre B;35;40
01/01/2026;606;desinfectant;Centre A;35;40
01/01/2026;606;ampoule;Centre D;35;40
01/01/2026;612;camion;Centre C;35;40
01/01/2026;612;camion;Centre D;35;40
01/01/2026;218;table de bureau;Centre B;35;40
01/01/2026;625;restaurant;Centre C;35;40
01/01/2026;612;photocopieur;Centre B;35;40
01/01/2026;606;tondeuse;Centre C;35;40
01/01/2026;218;ecran;Centre C;35;40
01/01/2026;218;armoire;Centre A;35;40
01/01/2026;625;hotel;Centre E;35;40
01/01/2026;625;parking;Centre E;35;40
01/01/2026;612;camion;Centre D;35;40
01/01/2026;625;parking;Centre C;35;40
01/01/2026;218;armoire;Centre E;35;40
01/01/2026;625;restaurant;Centre C;35;40
01/01/2026;218;table de bureau;Centre A;35;40
01/01/2026;625;parking;Centre A;35;40
01/01/2026;218;table de bureau;Centre A;35;40
01/01/2026;218;table de bureau;Centre A;35;40
01/01/2026;218;ecran;Centre A;35;40
01/01/2026;218;ecran;Centre C;35;40
01/01/2026;612;photocopieur;Centre E;35;40
01/01/2026;606;desinfectant;Centre D;35;40
01/01/2026;625;hotel;Centre A;35;40
01/01/2026;218;armoire;Centre B;35;40
01/01/2026;625;hotel;Centre A;35;40
01/01/2026;218;ecran;Centre C;35;40
01/01/2026;625;parking;Centre E;35;40
01/01/2026;218;ecran;Centre A;35;40
01/01/2026;612;voiture;Centre D;35;40
01/01/2026;612;voiture;Centre E;35;40
01/01/2026;625;parking;Centre A;35;40
01/01/2026;218;table de bureau;Centre A;35;40
01/01/2026;612;voiture;Centre B;35;40
01/01/2026;625;hotel;Centre C;35;40
01/01/2026;218;armoire;Centre A;35;40
01/01/2026;612;photocopieur;Centre D;35;40
01/01/2026;606;desinfectant;Centre B;35;40
01/01/2026;612;photocopieur;Centre D;35;40
01/01/2026;218;ecran;Centre A;35;40
01/01/2026;625;hotel;Centre E;35;40
01/01/2026;612;voiture;Centre E;35;40
01/01/2026;606;ampoule;Centre E;35;40
01/01/2026;218;table de bureau;Centre B;35;40
01/01/2026;218;armoire;Centre E;35;40
01/01/2026;612;voiture;Centre C;35;40
01/01/2026;218;ecran;Centre B;35;40
01/01/2026;625;parking;Centre A;35;40
01/01/2026;625;hotel;Centre E;35;40
01/01/2026;606;ampoule;Centre B;35;40
01/01/2026;218;ecran;Centre D;35;40
01/01/2026;606;desinfectant;Centre D;35;40
01/01/2026;625;parking;Centre C;35;40
01/01/2026;606;ampoule;Centre C;35;40
01/01/2026;625;restaurant;Centre E;35;40
01/01/2026;625;hotel;Centre E;35;40
01/01/2026;606;desinfectant;Centre A;35;40
01/01/2026;625;restaurant;Centre D;35;40
01/01/2026;218;armoire;Centre A;35;40
01/01/2026;612;voiture;Centre B;35;40
01/01/2026;218;ecran;Centre E;35;40
01/01/2026;218;ecran;Centre A;35;40
01/01/2026;218;armoire;Centre D;35;40
01/01/2026;612;voiture;Centre A;35;40
01/01/2026;606;desinfectant;Centre A;35;40
01/01/2026;612;camion;Centre B;35;40
01/01/2026;625;hotel;Centre A;35;40
01/01/2026;218;ecran;Centre C;35;40
01/01/2026;612;camion;Centre B;35;40
01/01/2026;625;hotel;Centre B;35;40
01/01/2026;606;tondeuse;Centre B;35;40
01/01/2026;612;photocopieur;Centre D;35;40
01/01/2026;625;parking;Centre A;35;40
01/01/2026;612;camion;Centre A;35;40
01/01/2026;625;parking;Centre B;35;40
01/01/2026;625;parking;Centre D;35;40
01/01/2026;218;armoire;Centre C;35;40
01/01/2026;625;parking;Centre D;35;40
01/01/2026;625;hotel;Centre B;35;40
01/01/2026;218;ecran;Centre E;35;40
01/01/2026;606;desinfectant;Centre E;35;40
01/01/2026;612;camion;Centre B;35;40
01/01/2026;612;camion;Centre C;35;40
01/01/2026;612;photocopieur;Centre D;35;40
01/01/2026;218;ecran;Centre D;35;40
01/01/2026;625;hotel;Centre A;35;40
01/01/2026;218;armoire;Centre B;35;40
01/01/2026;606;ampoule;Centre E;35;40
01/01/2026;612;camion;Centre C;35;40
01/01/2026;218;table de bureau;Centre A;35;40
01/01/2026;606;ampoule;Centre B;35;40
01/01/2026;612;camion;Centre A;35;40
01/01/2026;612;voiture;Centre C;35;40
01/01/2026;612;photocopieur;Centre B;35;40
01/01/2026;218;armoire;Centre C;35;40
01/01/2026;606;desinfectant;Centre E;35;40
01/01/2026;218;table de bureau;Centre E;35;40
01/01/2026;218;ecran;Centre E;35;40
01/01/2026;625;restaurant;Centre D;35;40
01/01/2026;625;hotel;Centre A;35;40
01/01/2026;612;camion;Centre E;35;40
01/01/2026;625;parking;Centre E;35;40
01/01/2026;612;voiture;Centre A;35;40
01/01/2026;606;ampoule;Centre E;35;40
01/01/2026;606;tondeuse;Centre B;35;40
01/01/2026;606;ampoule;Centre B;35;40
01/01/2026;612;voiture;Centre D;35;40
01/01/2026;218;table de bureau;Centre B;35;40
01/01/2026;625;parking;Centre E;35;40
01/01/2026;606;tondeuse;Centre B;35;40
01/01/2026;606;tondeuse;Centre C;35;40
01/01/2026;612;camion;Centre C;35;40
01/01/2026;612;camion;Centre C;35;40
01/01/2026;625;parking;Centre E;35;40
01/01/2026;606;tondeuse;Centre A;35;40
01/01/2026;625;parking;Centre E;35;40
01/01/2026;625;hotel;Centre C;35;40
01/01/2026;612;photocopieur;Centre B;35;40
01/01/2026;218;ecran;Centre E;35;40
01/01/2026;625;hotel;Centre D;35;40
01/01/2026;606;ampoule;Centre E;35;40
01/01/2026;625;restaurant;Centre D;35;40
01/01/2026;218;ecran;Centre A;35;40
01/01/2026;612;photocopieur;Centre E;35;40
01/01/2026;612;voiture;Centre B;35;40
01/01/2026;606;tondeuse;Centre D;35;40
01/01/2026;612;camion;Centre E;35;40
01/01/2026;625;restaurant;Centre C;35;40
01/01/2026;612;photocopieur;Centre A;35;40
01/01/2026;612;camion;Centre D;35;40
01/01/2026;625;restaurant;Centre E;35;40
01/01/2026;218;table de bureau;Centre C;35;40
01/01/2026;606;desinfectant;Centre D;35;40
01/01/2026;612;voiture;Centre A;35;40
01/01/2026;625;restaurant;Centre A;35;40
01/01/2026;625;hotel;Centre C;35;40
01/01/2026;606;ampoule;Centre C;35;40
01/01/2026;218;ecran;Centre D;35;40
01/01/2026;218;armoire;Centre D;35;40
01/01/2026;612;photocopieur;Centre E;35;40
01/01/2026;606;desinfectant;Centre D;35;40
01/01/2026;612;voiture;Centre A;35;40
01/01/2026;625;restaurant;Centre D;35;40
01/01/2026;625;parking;Centre B;35;40
01/01/2026;625;parking;Centre B;35;40
01/01/2026;606;desinfectant;Centre E;35;40
01/01/2026;612;camion;Centre B;35;40
01/01/2026;606;tondeuse;Centre D;35;40
01/01/2026;625;parking;Centre B;35;40
01/01/2026;606;desinfectant;Centre B;35;40
01/01/2026;625;parking;Centre E;35;40
01/01/2026;218;table de bureau;Centre B;35;40
01/01/2026;218;armoire;Centre A;35;40
01/01/2026;218;ecran;Centre B;35;40
01/01/2026;218;armoire;Centre D;35;40
01/01/2026;606;desinfectant;Centre A;35;40
01/01/2026;606;desinfectant;Centre A;35;40
01/01/2026;606;desinfectant;Centre C;35;40
01/01/2026;612;voiture;Centre E;35;40
01/01/2026;218;ecran;Centre B;35;40
01/01/2026;625;hotel;Centre B;35;40
01/01/2026;606;ampoule;Centre C;35;40
01/01/2026;625;parking;Centre B;35;40
01/01/2026;606;tondeuse;Centre E;35;40
01/01/2026;612;voiture;Centre D;35;40
01/01/2026;218;armoire;Centre C;35;40
01/01/2026;218;table de bureau;Centre E;35;40
01/01/2026;606;desinfectant;Centre A;35;40
01/01/2026;612;voiture;Centre B;35;40
01/01/2026;612;voiture;Centre C;35;40
01/01/2026;625;parking;Centre C;35;40
01/01/2026;625;restaurant;Centre B;35;40
01/01/2026;218;armoire;Centre B;35;40
01/01/2026;218;table de bureau;Centre A;35;40
01/01/2026;625;parking;Centre E;35;40
01/01/2026;625;restaurant;Centre C;35;40
01/01/2026;612;photocopieur;Centre E;35;40
01/01/2026;218;armoire;Centre A;35;40
01/01/2026;612;voiture;Centre E;35;40
01/01/2026;612;photocopieur;Centre A;35;40
01/01/2026;606;ampoule;Centre B;35;40
01/01/2026;625;restaurant;Centre A;35;40
01/01/2026;606;tondeuse;Centre A;35;40
01/01/2026;606;ampoule;Centre C;35;40
01/01/2026;625;hotel;Centre A;35;40
01/01/2026;218;table de bureau;Centre A;35;40
01/01/2026;625;parking;Centre A;35;40
01/01/2026;606;ampoule;Centre C;35;40
01/01/2026;625;parking;Centre C;35;40
01/01/2026;625;restaurant;Centre D;35;40
01/01/2026;218;ecran;Centre C;35;40
01/01/2026;218;table de bureau;Centre A;35;40
01/01/2026;218;ecran;Centre A;35;40
01/01/2026;218;ecran;Centre A;35;40
01/01/2026;218;table de bureau;Centre C;35;40
01/01/2026;612;camion;Centre E;35;40
01/01/2026;606;tondeuse;Centre C;35;40
01/01/2026;218;armoire;Centre E;35;40
01/01/2026;612;photocopieur;Centre B;35;40
01/01/2026;218;armoire;Centre D;35;40
01/01/2026;606;ampoule;Centre A;35;40
01/01/2026;625;hotel;Centre B;35;40
01/01/2026;606;desinfectant;Centre C;35;40
01/01/2026;218;armoire;Centre B;35;40
01/01/2026;625;hotel;Centre B;35;40
01/01/2026;625;hotel;Centre D;35;40
01/01/2026;606;desinfectant;Centre D;35;40
01/01/2026;625;hotel;Centre C;35;40
01/01/2026;612;camion;Centre D;35;40
01/01/2026;606;desinfectant;Centre B;35;40
01/01/2026;606;tondeuse;Centre A;35;40
01/01/2026;606;ampoule;Centre D;35;40
01/01/2026;612;camion;Centre D;35;40
01/01/2026;218;ecran;Centre D;35;40
01/01/2026;606;tondeuse;Centre A;35;40
01/01/2026;625;hotel;Centre D;35;40
01/01/2026;218;table de bureau;Centre D;35;40
01/01/2026;218;ecran;Centre E;35;40
01/01/2026;612;voiture;Centre E;35;40
01/01/2026;606;tondeuse;Centre D;35;40
01/01/2026;625;parking;Centre B;35;40
01/01/2026;218;table de bureau;Centre B;35;40
01/01/2026;606;ampoule;Centre D;35;40
01/01/2026;612;photocopieur;Centre A;35;40
01/01/2026;218;armoire;Centre D;35;40
01/01/2026;606;ampoule;Centre E;35;40
01/01/2026;606;tondeuse;Centre C;35;40
01/01/2026;612;camion;Centre E;35;40
01/01/2026;606;tondeuse;Centre E;35;40
01/01/2026;612;camion;Centre C;35;40
01/01/2026;606;ampoule;Centre D;35;40
01/01/2026;218;armoire;Centre A;35;40
01/01/2026;218;armoire;Centre C;35;40
01/01/2026;625;hotel;Centre E;35;40
01/01/2026;625;parking;Centre C;35;40
01/01/2026;218;armoire;Centre B;35;40
01/01/2026;606;desinfectant;Centre B;35;40
01/01/2026;612;camion;Centre D;35;40
01/01/2026;606;tondeuse;Centre C;35;40
01/01/2026;606;ampoule;Centre A;35;40
01/01/2026;218;ecran;Centre E;35;40
01/01/2026;612;photocopieur;Centre B;35;40
01/01/2026;625;hotel;Centre D;35;40
01/01/2026;606;ampoule;Centre B;35;40
01/01/2026;218;armoire;Centre C;35;40
01/01/2026;625;parking;Centre E;35;40
01/01/2026;625;restaurant;Centre C;35;40
01/01/2026;625;restaurant;Centre B;35;40
01/01/2026;218;ecran;Centre D;35;40
01/01/2026;218;table de bureau;Centre D;35;40
01/01/2026;612;photocopieur;Centre B;35;40
01/01/2026;612;camion;Centre D;35;40
01/01/2026;625;restaurant;Centre E;35;40
01/01/2026;606;ampoule;Centre B;35;40
01/01/2026;218;ecran;Centre D;35;40
01/01/2026;625;parking;Centre E;35;40
01/01/2026;606;ampoule;Centre B;35;40
01/01/2026;606;tondeuse;Centre D;35;40
01/01/2026;606;tondeuse;Centre B;35;40
01/01/2026;625;restaurant;Centre D;35;40
01/01/2026;218;table de bureau;Centre E;35;40
01/01/2026;612;voiture;Centre C;35;40
01/01/2026;612;photocopieur;Centre D;35;40
01/01/2026;606;ampoule;Centre C;35;40
01/01/2026;218;table de bureau;Centre A;35;40
01/01/2026;606;ampoule;Centre A;35;40
01/01/2026;218;table de bureau;Centre D;35;40
01/01/2026;612;voiture;Centre A;35;40
01/01/2026;625;hotel;Centre A;35;40
01/01/2026;218;ecran;Centre C;35;40
01/01/2026;218;ecran;Centre A;35;40
01/01/2026;218;ecran;Centre B;35;40
01/01/2026;606;tondeuse;Centre D;35;40
01/01/2026;218;table de bureau;Centre E;35;40
01/01/2026;625;restaurant;Centre D;35;40
01/01/2026;612;camion;Centre B;35;40
01/01/2026;625;parking;Centre D;35;40
01/01/2026;625;hotel;Centre A;35;40
01/01/2026;606;desinfectant;Centre C;35;40
01/01/2026;606;ampoule;Centre B;35;40
01/01/2026;606;tondeuse;Centre D;35;40
01/01/2026;612;camion;Centre D;35;40
01/01/2026;612;camion;Centre B;35;40
01/01/2026;606;desinfectant;Centre D;35;40
01/01/2026;625;hotel;Centre C;35;40
01/01/2026;606;tondeuse;Centre D;35;40
01/01/2026;625;hotel;Centre B;35;40
01/01/2026;625;hotel;Centre C;35;40
01/01/2026;612;photocopieur;Centre E;35;40
01/01/2026;612;camion;Centre B;35;40
01/01/2026;625;hotel;Centre E;35;40
01/01/2026;606;desinfectant;Centre C;35;40
01/01/2026;218;table de bureau;Centre D;35;40
01/01/2026;218;ecran;Centre D;35;40
01/01/2026;606;desinfectant;Centre B;35;40
01/01/2026;612;voiture;Centre B;35;40
01/01/2026;625;parking;Centre C;35;40
01/01/2026;612;camion;Centre D;35;40
01/01/2026;612;voiture;Centre B;35;40
01/01/2026;606;desinfectant;Centre B;35;40
01/01/2026;625;restaurant;Centre E;35;40
01/01/2026;218;armoire;Centre B;35;40
01/01/2026;612;voiture;Centre D;35;40
01/01/2026;625;restaurant;Centre D;35;40
01/01/2026;612;voiture;Centre B;35;40
01/01/2026;612;voiture;Centre E;35;40
01/01/2026;612;camion;Centre A;35;40
01/01/2026;612;camion;Centre D;35;40
01/01/2026;218;armoire;Centre B;35;40
01/01/2026;612;photocopieur;Centre D;35;40
01/01/2026;625;restaurant;Centre C;35;40
01/01/2026;218;ecran;Centre C;35;40
01/01/2026;218;armoire;Centre A;35;40
01/01/2026;625;restaurant;Centre D;35;40
01/01/2026;218;table de bureau;Centre E;35;40
01/01/2026;606;desinfectant;Centre C;35;40
01/01/2026;612;photocopieur;Centre C;35;40
01/01/2026;612;camion;Centre B;35;40
01/01/2026;606;desinfectant;Centre C;35;40
01/01/2026;606;tondeuse;Centre E;35;40
01/01/2026;606;desinfectant;Centre A;35;40
01/01/2026;625;parking;Centre C;35;40
01/01/2026;218;table de bureau;Centre A;35;40
01/01/2026;606;desinfectant;Centre B;35;40
01/01/2026;612;camion;Centre B;35;40
01/01/2026;606;ampoule;Centre D;35;40
01/01/2026;612;voiture;Centre C;35;40
01/01/2026;218;ecran;Centre A;35;40
01/01/2026;625;restaurant;Centre A;35;40
01/01/2026;612;photocopieur;Centre D;35;40
01/01/2026;606;ampoule;Centre D;35;40
01/01/2026;606;tondeuse;Centre E;35;40
01/01/2026;606;ampoule;Centre A;35;40
01/01/2026;612;voiture;Centre C;35;40
01/01/2026;218;ecran;Centre B;35;40
01/01/2026;625;parking;Centre D;35;40
01/01/2026;606;desinfectant;Centre E;35;40
01/01/2026;625;hotel;Centre A;35;40
01/01/2026;612;camion;Centre D;35;40
01/01/2026;218;ecran;Centre C;35;40
01/01/2026;612;photocopieur;Centre D;35;40
01/01/2026;612;voiture;Centre D;35;40
01/01/2026;606;ampoule;Centre C;35;40
01/01/2026;606;desinfectant;Centre C;35;40
01/01/2026;625;hotel;Centre D;35;40
01/01/2026;612;photocopieur;Centre E;35;40
01/01/2026;625;restaurant;Centre B;35;40
01/01/2026;612;photocopieur;Centre A;35;40
01/01/2026;625;hotel;Centre D;35;40
01/01/2026;625;restaurant;Centre B;35;40
01/01/2026;606;desinfectant;Centre D;35;40
01/01/2026;625;hotel;Centre D;35;40
01/01/2026;606;tondeuse;Centre E;35;40
01/01/2026;612;photocopieur;Centre A;35;40
01/01/2026;612;voiture;Centre E;35;40
01/01/2026;218;armoire;Centre C;35;40
01/01/2026;612;voiture;Centre D;35;40
01/01/2026;612;voiture;Centre C;35;40
01/01/2026;612;photocopieur;Centre E;35;40
01/01/2026;625;restaurant;Centre B;35;40
01/01/2026;625;hotel;Centre B;35;40
01/01/2026;612;voiture;Centre B;35;40
01/01/2026;218;ecran;Centre D;35;40
01/01/2026;606;ampoule;Centre A;35;40
01/01/2026;218;table de bureau;Centre A;35;40
01/01/2026;612;voiture;Centre C;35;40
01/01/2026;218;ecran;Centre C;35;40
01/01/2026;606;tondeuse;Centre E;35;40
01/01/2026;625;hotel;Centre C;35;40
01/01/2026;612;camion;Centre C;35;40
01/01/2026;625;hotel;Centre E;35;40
01/01/2026;612;camion;Centre D;35;40
01/01/2026;606;tondeuse;Centre C;35;40
01/01/2026;625;hotel;Centre C;35;40
01/01/2026;625;parking;Centre E;35;40
01/01/2026;625;restaurant;Centre C;35;40
01/01/2026;606;ampoule;Centre D;35;40
01/01/2026;625;parking;Centre B;35;40
01/01/2026;612;photocopieur;Centre B;35;40
01/01/2026;218;table de bureau;Centre D;35;40
01/01/2026;625;hotel;Centre D;35;40
01/01/2026;606;tondeuse;Centre C;35;40
01/01/2026;625;parking;Centre E;35;40
01/01/2026;218;ecran;Centre C;35;40
01/01/2026;606;tondeuse;Centre A;35;40
01/01/2026;625;parking;Centre B;35;40
01/01/2026;612;photocopieur;Centre D;35;40
01/01/2026;625;parking;Centre E;35;40
01/01/2026;625;hotel;Centre A;35;40
01/01/2026;612;photocopieur;Centre D;35;40
01/01/2026;625;restaurant;Centre E;35;40
01/01/2026;625;parking;Centre D;35;40
01/01/2026;218;armoire;Centre E;35;40
01/01/2026;612;camion;Centre D;35;40
01/01/2026;625;parking;Centre B;35;40
01/01/2026;606;tondeuse;Centre B;35;40
01/01/2026;625;restaurant;Centre B;35;40
01/01/2026;606;tondeuse;Centre E;35;40
01/01/2026;625;parking;Centre E;35;40
01/01/2026;625;hotel;Centre A;35;40
01/01/2026;612;voiture;Centre A;35;40
01/01/2026;612;photocopieur;Centre A;35;40
01/01/2026;606;desinfectant;Centre B;35;40
01/01/2026;612;photocopieur;Centre E;35;40
01/01/2026;612;camion;Centre B;35;40
01/01/2026;606;ampoule;Centre A;35;40
01/01/2026;612;voiture;Centre A;35;40
01/01/2026;612;camion;Centre C;35;40
01/01/2026;606;desinfectant;Centre C;35;40
01/01/2026;218;table de bureau;Centre B;35;40
01/01/2026;625;parking;Centre A;35;40
01/01/2026;218;table de bureau;Centre B;35;40
01/01/2026;606;ampoule;Centre B;35;40
01/01/2026;218;ecran;Centre B;35;40
01/01/2026;612;camion;Centre D;35;40
01/01/2026;612;voiture;Centre C;35;40
01/01/2026;625;hotel;Centre E;35;40
01/01/2026;218;armoire;Centre B;35;40
01/01/2026;606;tondeuse;Centre D;35;40
01/01/2026;218;ecran;Centre E;35;40
01/01/2026;625;restaurant;Centre D;35;40
01/01/2026;612;photocopieur;Centre D;35;40
01/01/2026;606;desinfectant;Centre A;35;40
01/01/2026;218;armoire;Centre E;35;40
01/01/2026;606;desinfectant;Centre E;35;40
01/01/2026;625;hotel;Centre B;35;40
01/01/2026;612;camion;Centre A;35;40
01/01/2026;606;desinfectant;Centre D;35;40
01/01/2026;612;camion;Centre D;35;40
01/01/2026;625;parking;Centre E;35;40
01/01/2026;218;armoire;Centre B;35;40
01/01/2026;606;ampoule;Centre C;35;40
01/01/2026;625;hotel;Centre B;35;40
01/01/2026;612;photocopieur;Centre D;35;40
01/01/2026;625;restaurant;Centre D;35;40
01/01/2026;612;photocopieur;Centre E;35;40
01/01/2026;625;parking;Centre D;35;40
01/01/2026;606;desinfectant;Centre C;35;40
01/01/2026;606;ampoule;Centre D;35;40
01/01/2026;606;tondeuse;Centre A;35;40
01/01/2026;218;armoire;Centre E;35;40
01/01/2026;218;ecran;Centre E;35;40
01/01/2026;606;ampoule;Centre E;35;40
01/01/2026;218;ecran;Centre E;35;40
01/01/2026;625;parking;Centre E;35;40
01/01/2026;218;armoire;Centre E;35;40
01/01/2026;625;hotel;Centre E;35;40
01/01/2026;625;parking;Centre C;35;40
01/01/2026;606;desinfectant;Centre B;35;40
01/01/2026;218;ecran;Centre D;35;40
